Workbook

Sheet 使用说明
B2: 考勤排班 + 工资自动核算表
B3: 适合：门店 / 小公司 / 工作室（员工 1-30 人）
B5: ① 先填「参数设置」
B6: 把你们公司的计薪规则填进去：月计薪天数、加班倍率、各种假扣款系数、满勤奖金额。改一次，全年通用。
B8: ② 再填「员工档案」
B9: 工号、姓名、部门、岗位、月薪。月薪是下面所有计算的基础，务必核对。
B11: ③ 每月填「考勤录入」
B12: 每人一行，1 号到 31 号每天一格，点格子里右侧小箭头选状态即可（出勤/休息/事假/病假/旷工/加班）。整月只需选，不用打字。
B14: ④ 「工资汇总」自动出结果
B15: 出勤天数、各类假、缺勤扣款、加班费、满勤奖、应发工资全部自动算，不需要手算。黄色格子是唯一需要手填的：本月加班小时数。
B17: ⑤ 打印 / 发工资条
B18: 选中「工资汇总」直接打印 A4 横向；或复制某一行单独发给员工做工资条。
... B25: Q：公式被删了导致算错？ A：重新解压一份原始文件覆盖即可，别在汇总页手动改公式。

Sheet 参数设置
B2: 参数设置
B3: 改这里的值，全表自动重算
B5: 月计薪天数 | C5: 21.75 | D5: 国家标准 21.75 天/月；门店按实际出勤算可改成 26 或当月应出勤天数
B6: 加班倍率（工作日） | C6: 1.5 | D6: 平时加班 1.5 倍，周末 2 倍，法定节假日 3 倍，按实际情况填
B7: 事假扣款系数 | C7: 1 | D7: 事假当天不发工资（1.0 = 全额扣）；宽松的可以填 0.5
B8: 病假扣款系数 | C8: 0.4 | D8: 0.4 = 病假当天只扣 40%、发 60%；按当地最低标准调整
B9: 旷工扣款系数 | C9: 2 | D9: 2.0 = 旷工一天扣两天工资，公司制度可自行调整
B10: 满勤奖（元/月） | C10: 200 | D10: 当月无任何假、无旷工才发；不想设就填 0

Sheet 员工档案
A1: 工号 | B1: 姓名 | C1: 部门 | D1: 岗位 | E1: 月薪(元) | F1: 入职日期 | G1: 备注
A2: A001 | B2: 张三 | C2: 门店 | D2: 店长 | E2: 8000 | F2: 2023-03-01
A3: A002 | B3: 李四 | C3: 门店 | D3: 店员 | E3: 5500 | F3: 2024-06-15
A4: A003 | B4: 王五 | C4: 后厨 | D4: 厨工 | E4: 4800 | F4: 2025-01-10
A5: A004 | B5: 赵六 | C5: 门店 | D5: 兼职 | E5: 2600 | F5: 2025-09-01 | G5: 按小时可另算

Sheet 考勤录入
A1: 考勤录入 · 点格子右侧箭头选状态
A2: 工号 | B2: 姓名 | C2: 部门 | D2: 1 | E2: 2 | F2: 3 | G2: 4 | H2: 5 | I2: 6 | J2: 7 | K2: 8 | L2: 9 | M2: 10 | N2: 11 | O2: 12 | P2: 13 | Q2: 14 | R2: 15 | S2: 16 | T2: 17 | U2: 18 | V2: 19 | W2: 20 | X2: 21 | Y2: 22 | Z2: 23 | AA2: 24 | AB2: 25 | AC2: 26 | AD2: 27 | AE2: 28 | AF2: 29 | AG2: 30 | AH2: 31
A3: =IF(员工档案!A2="","",员工档案!A2) | B3: =IF(员工档案!B2="","",员工档案!B2) | C3: =IF(员工档案!C2="","",员工档案!C2)
A4: =IF(员工档案!A3="","",员工档案!A3) | B4: =IF(员工档案!B3="","",员工档案!B3) | C4: =IF(员工档案!C3="","",员工档案!C3)
A5: =IF(员工档案!A4="","",员工档案!A4) | B5: =IF(员工档案!B4="","",员工档案!B4) | C5: =IF(员工档案!C4="","",员工档案!C4)
A6: =IF(员工档案!A5="","",员工档案!A5) | B6: =IF(员工档案!B5="","",员工档案!B5) | C6: =IF(员工档案!C5="","",员工档案!C5)
A7: =IF(员工档案!A6="","",员工档案!A6) | B7: =IF(员工档案!B6="","",员工档案!B6) | C7: =IF(员工档案!C6="","",员工档案!C6)
A8: =IF(员工档案!A7="","",员工档案!A7) | B8: =IF(员工档案!B7="","",员工档案!B7) | C8: =IF(员工档案!C7="","",员工档案!C7)
A9: =IF(员工档案!A8="","",员工档案!A8) | B9: =IF(员工档案!B8="","",员工档案!B8) | C9: =IF(员工档案!C8="","",员工档案!C8)
A10: =IF(员工档案!A9="","",员工档案!A9) | B10: =IF(员工档案!B9="","",员工档案!B9) | C10: =IF(员工档案!C9="","",员工档案!C9)
A11: =IF(员工档案!A10="","",员工档案!A10) | B11: =IF(员工档案!B10="","",员工档案!B10) | C11: =IF(员工档案!C10="","",员工档案!C10)
A12: =IF(员工档案!A11="","",员工档案!A11) | B12: =IF(员工档案!B11="","",员工档案!B11) | C12: =IF(员工档案!C11="","",员工档案!C11)
A13: =IF(员工档案!A12="","",员工档案!A12) | B13: =IF(员工档案!B12="","",员工档案!B12) | C13: =IF(员工档案!C12="","",员工档案!C12)
A14: =IF(员工档案!A13="","",员工档案!A13) | B14: =IF(员工档案!B13="","",员工档案!B13) | C14: =IF(员工档案!C13="","",员工档案!C13)
... A32: =IF(员工档案!A31="","",员工档案!A31) | B32: =IF(员工档案!B31="","",员工档案!B31) | C32: =IF(员工档案!C31="","",员工档案!C31)

Sheet 工资汇总
A1: 工号 | B1: 姓名 | C1: 部门 | D1: 月薪 | E1: 应出勤 | F1: 出勤 | G1: 事假 | H1: 病假 | I1: 旷工 | J1: 加班小时 | K1: 满勤奖 | L1: 基本工资 | M1: 加班费 | N1: 扣款合计 | O1: 应发工资
A2: =IF(考勤录入!A3="","",考勤录入!A3) | B2: =IF(考勤录入!A3="","",考勤录入!B3) | C2: =IF(考勤录入!A3="","",考勤录入!C3) | D2: =IF($A2="","",IFERROR(VLOOKUP($A2,员工档案!$A$2:$G$40,5,0),0)) | E2: =IF($A2="","",ROUND(参数设置!$C$5,1)) | F2: =IF($A2="","",COUNTIF(考勤录入!$D3:$AH3,"出勤")) | G2: =IF($A2="","",COUNTIF(考勤录入!$D3:$AH3,"事假")) | H2: =IF($A2="","",COUNTIF(考勤录入!$D3:$AH3,"病假")) | I2: =IF($A2="","",COUNTIF(考勤录入!$D3:$AH3,"旷工")) | J2: =IF($A2="","",0) | K2: =IF($A2="","",IF(AND(G2=0,H2=0,I2=0,F2>0),参数设置!$C$10,0)) | L2: =IF($A2="","",ROUND($D2/参数设置!$C$5*$F2,2)) | M2: =IF($A2="","",ROUND($D2/参数设置!$C$5/8*$J2*参数设置!$C$6,2)) | N2: =IF($A2="","",ROUND($D2/参数设置!$C$5*(G2*参数设置!$C$7+H2*参数设置!$C$8+I2*参数设置!$C$9),2)) | O2: =IF($A2="","",ROUND(L2+M2+K2-N2,2))
A3: =IF(考勤录入!A4="","",考勤录入!A4) | B3: =IF(考勤录入!A4="","",考勤录入!B4) | C3: =IF(考勤录入!A4="","",考勤录入!C4) | D3: =IF($A3="","",IFERROR(VLOOKUP($A3,员工档案!$A$2:$G$40,5,0),0)) | E3: =IF($A3="","",ROUND(参数设置!$C$5,1)) | F3: =IF($A3="","",COUNTIF(考勤录入!$D4:$AH4,"出勤")) | G3: =IF($A3="","",COUNTIF(考勤录入!$D4:$AH4,"事假")) | H3: =IF($A3="","",COUNTIF(考勤录入!$D4:$AH4,"病假")) | I3: =IF($A3="","",COUNTIF(考勤录入!$D4:$AH4,"旷工")) | J3: =IF($A3="","",0) | K3: =IF($A3="","",IF(AND(G3=0,H3=0,I3=0,F3>0),参数设置!$C$10,0)) | L3: =IF($A3="","",ROUND($D3/参数设置!$C$5*$F3,2)) | M3: =IF($A3="","",ROUND($D3/参数设置!$C$5/8*$J3*参数设置!$C$6,2)) | N3: =IF($A3="","",ROUND($D3/参数设置!$C$5*(G3*参数设置!$C$7+H3*参数设置!$C$8+I3*参数设置!$C$9),2)) | O3: =IF($A3="","",ROUND(L3+M3+K3-N3,2))
A4: =IF(考勤录入!A5="","",考勤录入!A5) | B4: =IF(考勤录入!A5="","",考勤录入!B5) | C4: =IF(考勤录入!A5="","",考勤录入!C5) | D4: =IF($A4="","",IFERROR(VLOOKUP($A4,员工档案!$A$2:$G$40,5,0),0)) | E4: =IF($A4="","",ROUND(参数设置!$C$5,1)) | F4: =IF($A4="","",COUNTIF(考勤录入!$D5:$AH5,"出勤")) | G4: =IF($A4="","",COUNTIF(考勤录入!$D5:$AH5,"事假")) | H4: =IF($A4="","",COUNTIF(考勤录入!$D5:$AH5,"病假")) | I4: =IF($A4="","",COUNTIF(考勤录入!$D5:$AH5,"旷工")) | J4: =IF($A4="","",0) | K4: =IF($A4="","",IF(AND(G4=0,H4=0,I4=0,F4>0),参数设置!$C$10,0)) | L4: =IF($A4="","",ROUND($D4/参数设置!$C$5*$F4,2)) | M4: =IF($A4="","",ROUND($D4/参数设置!$C$5/8*$J4*参数设置!$C$6,2)) | N4: =IF($A4="","",ROUND($D4/参数设置!$C$5*(G4*参数设置!$C$7+H4*参数设置!$C$8+I4*参数设置!$C$9),2)) | O4: =IF($A4="","",ROUND(L4+M4+K4-N4,2))
A5: =IF(考勤录入!A6="","",考勤录入!A6) | B5: =IF(考勤录入!A6="","",考勤录入!B6) | C5: =IF(考勤录入!A6="","",考勤录入!C6) | D5: =IF($A5="","",IFERROR(VLOOKUP($A5,员工档案!$A$2:$G$40,5,0),0)) | E5: =IF($A5="","",ROUND(参数设置!$C$5,1)) | F5: =IF($A5="","",COUNTIF(考勤录入!$D6:$AH6,"出勤")) | G5: =IF($A5="","",COUNTIF(考勤录入!$D6:$AH6,"事假")) | H5: =IF($A5="","",COUNTIF(考勤录入!$D6:$AH6,"病假")) | I5: =IF($A5="","",COUNTIF(考勤录入!$D6:$AH6,"旷工")) | J5: =IF($A5="","",0) | K5: =IF($A5="","",IF(AND(G5=0,H5=0,I5=0,F5>0),参数设置!$C$10,0)) | L5: =IF($A5="","",ROUND($D5/参数设置!$C$5*$F5,2)) | M5: =IF($A5="","",ROUND($D5/参数设置!$C$5/8*$J5*参数设置!$C$6,2)) | N5: =IF($A5="","",ROUND($D5/参数设置!$C$5*(G5*参数设置!$C$7+H5*参数设置!$C$8+I5*参数设置!$C$9),2)) | O5: =IF($A5="","",ROUND(L5+M5+K5-N5,2))
A6: =IF(考勤录入!A7="","",考勤录入!A7) | B6: =IF(考勤录入!A7="","",考勤录入!B7) | C6: =IF(考勤录入!A7="","",考勤录入!C7) | D6: =IF($A6="","",IFERROR(VLOOKUP($A6,员工档案!$A$2:$G$40,5,0),0)) | E6: =IF($A6="","",ROUND(参数设置!$C$5,1)) | F6: =IF($A6="","",COUNTIF(考勤录入!$D7:$AH7,"出勤")) | G6: =IF($A6="","",COUNTIF(考勤录入!$D7:$AH7,"事假")) | H6: =IF($A6="","",COUNTIF(考勤录入!$D7:$AH7,"病假")) | I6: =IF($A6="","",COUNTIF(考勤录入!$D7:$AH7,"旷工")) | J6: =IF($A6="","",0) | K6: =IF($A6="","",IF(AND(G6=0,H6=0,I6=0,F6>0),参数设置!$C$10,0)) | L6: =IF($A6="","",ROUND($D6/参数设置!$C$5*$F6,2)) | M6: =IF($A6="","",ROUND($D6/参数设置!$C$5/8*$J6*参数设置!$C$6,2)) | N6: =IF($A6="","",ROUND($D6/参数设置!$C$5*(G6*参数设置!$C$7+H6*参数设置!$C$8+I6*参数设置!$C$9),2)) | O6: =IF($A6="","",ROUND(L6+M6+K6-N6,2))
A7: =IF(考勤录入!A8="","",考勤录入!A8) | B7: =IF(考勤录入!A8="","",考勤录入!B8) | C7: =IF(考勤录入!A8="","",考勤录入!C8) | D7: =IF($A7="","",IFERROR(VLOOKUP($A7,员工档案!$A$2:$G$40,5,0),0)) | E7: =IF($A7="","",ROUND(参数设置!$C$5,1)) | F7: =IF($A7="","",COUNTIF(考勤录入!$D8:$AH8,"出勤")) | G7: =IF($A7="","",COUNTIF(考勤录入!$D8:$AH8,"事假")) | H7: =IF($A7="","",COUNTIF(考勤录入!$D8:$AH8,"病假")) | I7: =IF($A7="","",COUNTIF(考勤录入!$D8:$AH8,"旷工")) | J7: =IF($A7="","",0) | K7: =IF($A7="","",IF(AND(G7=0,H7=0,I7=0,F7>0),参数设置!$C$10,0)) | L7: =IF($A7="","",ROUND($D7/参数设置!$C$5*$F7,2)) | M7: =IF($A7="","",ROUND($D7/参数设置!$C$5/8*$J7*参数设置!$C$6,2)) | N7: =IF($A7="","",ROUND($D7/参数设置!$C$5*(G7*参数设置!$C$7+H7*参数设置!$C$8+I7*参数设置!$C$9),2)) | O7: =IF($A7="","",ROUND(L7+M7+K7-N7,2))
A8: =IF(考勤录入!A9="","",考勤录入!A9) | B8: =IF(考勤录入!A9="","",考勤录入!B9) | C8: =IF(考勤录入!A9="","",考勤录入!C9) | D8: =IF($A8="","",IFERROR(VLOOKUP($A8,员工档案!$A$2:$G$40,5,0),0)) | E8: =IF($A8="","",ROUND(参数设置!$C$5,1)) | F8: =IF($A8="","",COUNTIF(考勤录入!$D9:$AH9,"出勤")) | G8: =IF($A8="","",COUNTIF(考勤录入!$D9:$AH9,"事假")) | H8: =IF($A8="","",COUNTIF(考勤录入!$D9:$AH9,"病假")) | I8: =IF($A8="","",COUNTIF(考勤录入!$D9:$AH9,"旷工")) | J8: =IF($A8="","",0) | K8: =IF($A8="","",IF(AND(G8=0,H8=0,I8=0,F8>0),参数设置!$C$10,0)) | L8: =IF($A8="","",ROUND($D8/参数设置!$C$5*$F8,2)) | M8: =IF($A8="","",ROUND($D8/参数设置!$C$5/8*$J8*参数设置!$C$6,2)) | N8: =IF($A8="","",ROUND($D8/参数设置!$C$5*(G8*参数设置!$C$7+H8*参数设置!$C$8+I8*参数设置!$C$9),2)) | O8: =IF($A8="","",ROUND(L8+M8+K8-N8,2))
A9: =IF(考勤录入!A10="","",考勤录入!A10) | B9: =IF(考勤录入!A10="","",考勤录入!B10) | C9: =IF(考勤录入!A10="","",考勤录入!C10) | D9: =IF($A9="","",IFERROR(VLOOKUP($A9,员工档案!$A$2:$G$40,5,0),0)) | E9: =IF($A9="","",ROUND(参数设置!$C$5,1)) | F9: =IF($A9="","",COUNTIF(考勤录入!$D10:$AH10,"出勤")) | G9: =IF($A9="","",COUNTIF(考勤录入!$D10:$AH10,"事假")) | H9: =IF($A9="","",COUNTIF(考勤录入!$D10:$AH10,"病假")) | I9: =IF($A9="","",COUNTIF(考勤录入!$D10:$AH10,"旷工")) | J9: =IF($A9="","",0) | K9: =IF($A9="","",IF(AND(G9=0,H9=0,I9=0,F9>0),参数设置!$C$10,0)) | L9: =IF($A9="","",ROUND($D9/参数设置!$C$5*$F9,2)) | M9: =IF($A9="","",ROUND($D9/参数设置!$C$5/8*$J9*参数设置!$C$6,2)) | N9: =IF($A9="","",ROUND($D9/参数设置!$C$5*(G9*参数设置!$C$7+H9*参数设置!$C$8+I9*参数设置!$C$9),2)) | O9: =IF($A9="","",ROUND(L9+M9+K9-N9,2))
A10: =IF(考勤录入!A11="","",考勤录入!A11) | B10: =IF(考勤录入!A11="","",考勤录入!B11) | C10: =IF(考勤录入!A11="","",考勤录入!C11) | D10: =IF($A10="","",IFERROR(VLOOKUP($A10,员工档案!$A$2:$G$40,5,0),0)) | E10: =IF($A10="","",ROUND(参数设置!$C$5,1)) | F10: =IF($A10="","",COUNTIF(考勤录入!$D11:$AH11,"出勤")) | G10: =IF($A10="","",COUNTIF(考勤录入!$D11:$AH11,"事假")) | H10: =IF($A10="","",COUNTIF(考勤录入!$D11:$AH11,"病假")) | I10: =IF($A10="","",COUNTIF(考勤录入!$D11:$AH11,"旷工")) | J10: =IF($A10="","",0) | K10: =IF($A10="","",IF(AND(G10=0,H10=0,I10=0,F10>0),参数设置!$C$10,0)) | L10: =IF($A10="","",ROUND($D10/参数设置!$C$5*$F10,2)) | M10: =IF($A10="","",ROUND($D10/参数设置!$C$5/8*$J10*参数设置!$C$6,2)) | N10: =IF($A10="","",ROUND($D10/参数设置!$C$5*(G10*参数设置!$C$7+H10*参数设置!$C$8+I10*参数设置!$C$9),2)) | O10: =IF($A10="","",ROUND(L10+M10+K10-N10,2))
A11: =IF(考勤录入!A12="","",考勤录入!A12) | B11: =IF(考勤录入!A12="","",考勤录入!B12) | C11: =IF(考勤录入!A12="","",考勤录入!C12) | D11: =IF($A11="","",IFERROR(VLOOKUP($A11,员工档案!$A$2:$G$40,5,0),0)) | E11: =IF($A11="","",ROUND(参数设置!$C$5,1)) | F11: =IF($A11="","",COUNTIF(考勤录入!$D12:$AH12,"出勤")) | G11: =IF($A11="","",COUNTIF(考勤录入!$D12:$AH12,"事假")) | H11: =IF($A11="","",COUNTIF(考勤录入!$D12:$AH12,"病假")) | I11: =IF($A11="","",COUNTIF(考勤录入!$D12:$AH12,"旷工")) | J11: =IF($A11="","",0) | K11: =IF($A11="","",IF(AND(G11=0,H11=0,I11=0,F11>0),参数设置!$C$10,0)) | L11: =IF($A11="","",ROUND($D11/参数设置!$C$5*$F11,2)) | M11: =IF($A11="","",ROUND($D11/参数设置!$C$5/8*$J11*参数设置!$C$6,2)) | N11: =IF($A11="","",ROUND($D11/参数设置!$C$5*(G11*参数设置!$C$7+H11*参数设置!$C$8+I11*参数设置!$C$9),2)) | O11: =IF($A11="","",ROUND(L11+M11+K11-N11,2))
A12: =IF(考勤录入!A13="","",考勤录入!A13) | B12: =IF(考勤录入!A13="","",考勤录入!B13) | C12: =IF(考勤录入!A13="","",考勤录入!C13) | D12: =IF($A12="","",IFERROR(VLOOKUP($A12,员工档案!$A$2:$G$40,5,0),0)) | E12: =IF($A12="","",ROUND(参数设置!$C$5,1)) | F12: =IF($A12="","",COUNTIF(考勤录入!$D13:$AH13,"出勤")) | G12: =IF($A12="","",COUNTIF(考勤录入!$D13:$AH13,"事假")) | H12: =IF($A12="","",COUNTIF(考勤录入!$D13:$AH13,"病假")) | I12: =IF($A12="","",COUNTIF(考勤录入!$D13:$AH13,"旷工")) | J12: =IF($A12="","",0) | K12: =IF($A12="","",IF(AND(G12=0,H12=0,I12=0,F12>0),参数设置!$C$10,0)) | L12: =IF($A12="","",ROUND($D12/参数设置!$C$5*$F12,2)) | M12: =IF($A12="","",ROUND($D12/参数设置!$C$5/8*$J12*参数设置!$C$6,2)) | N12: =IF($A12="","",ROUND($D12/参数设置!$C$5*(G12*参数设置!$C$7+H12*参数设置!$C$8+I12*参数设置!$C$9),2)) | O12: =IF($A12="","",ROUND(L12+M12+K12-N12,2))
A13: =IF(考勤录入!A14="","",考勤录入!A14) | B13: =IF(考勤录入!A14="","",考勤录入!B14) | C13: =IF(考勤录入!A14="","",考勤录入!C14) | D13: =IF($A13="","",IFERROR(VLOOKUP($A13,员工档案!$A$2:$G$40,5,0),0)) | E13: =IF($A13="","",ROUND(参数设置!$C$5,1)) | F13: =IF($A13="","",COUNTIF(考勤录入!$D14:$AH14,"出勤")) | G13: =IF($A13="","",COUNTIF(考勤录入!$D14:$AH14,"事假")) | H13: =IF($A13="","",COUNTIF(考勤录入!$D14:$AH14,"病假")) | I13: =IF($A13="","",COUNTIF(考勤录入!$D14:$AH14,"旷工")) | J13: =IF($A13="","",0) | K13: =IF($A13="","",IF(AND(G13=0,H13=0,I13=0,F13>0),参数设置!$C$10,0)) | L13: =IF($A13="","",ROUND($D13/参数设置!$C$5*$F13,2)) | M13: =IF($A13="","",ROUND($D13/参数设置!$C$5/8*$J13*参数设置!$C$6,2)) | N13: =IF($A13="","",ROUND($D13/参数设置!$C$5*(G13*参数设置!$C$7+H13*参数设置!$C$8+I13*参数设置!$C$9),2)) | O13: =IF($A13="","",ROUND(L13+M13+K13-N13,2))
... A31: =IF(考勤录入!A32="","",考勤录入!A32) | B31: =IF(考勤录入!A32="","",考勤录入!B32) | C31: =IF(考勤录入!A32="","",考勤录入!C32) | D31: =IF($A31="","",IFERROR(VLOOKUP($A31,员工档案!$A$2:$G$40,5,0),0)) | E31: =IF($A31="","",ROUND(参数设置!$C$5,1)) | F31: =IF($A31="","",COUNTIF(考勤录入!$D32:$AH32,"出勤")) | G31: =IF($A31="","",COUNTIF(考勤录入!$D32:$AH32,"事假")) | H31: =IF($A31="","",COUNTIF(考勤录入!$D32:$AH32,"病假")) | I31: =IF($A31="","",COUNTIF(考勤录入!$D32:$AH32,"旷工")) | J31: =IF($A31="","",0) | K31: =IF($A31="","",IF(AND(G31=0,H31=0,I31=0,F31>0),参数设置!$C$10,0)) | L31: =IF($A31="","",ROUND($D31/参数设置!$C$5*$F31,2)) | M31: =IF($A31="","",ROUND($D31/参数设置!$C$5/8*$J31*参数设置!$C$6,2)) | N31: =IF($A31="","",ROUND($D31/参数设置!$C$5*(G31*参数设置!$C$7+H31*参数设置!$C$8+I31*参数设置!$C$9),2)) | O31: =IF($A31="","",ROUND(L31+M31+K31-N31,2))
A32: 合计 | D32: =SUM(D2:D31) | F32: =SUM(F2:F31) | G32: =SUM(G2:G31) | H32: =SUM(H2:H31) | I32: =SUM(I2:I31) | J32: =SUM(J2:J31) | K32: =SUM(K2:K31) | L32: =SUM(L2:L31) | M32: =SUM(M2:M31) | ... O32: =SUM(O2:O31)
A34: 说明：黄色「加班小时」列需手工填写；其余全部自动计算。扣款系数、计薪天数在「参数设置」调整。
