Workbook

Sheet 使用说明
B2: 门店排班交接班表（自动统计版）
B3: 适合：门店 / 餐饮 / 小工厂 / 保安保洁班组（10-30 人）
B5: ① 先填「参数设置」
B6: 门店名称、本月天数、早/中/晚三班的起止时间、每班需要几个人。填一次，整表通用，改了下个月只改天数。
B8: ② 再填「员工与班次」
B9: 工号、姓名、岗位、可上时段（如「只能上早班」「周末不能上」）、备注。20 行示例，多的直接往下加，排班表的姓名会自动带出来。
B11: ③ 在「排班表」点格选班
B12: 一人一行，1 号到 31 号一天一格，点格子右侧小箭头选：早 / 中 / 晚 / 休 / 年假。选完自动上色，不用打字。
B14: ④ 看「班次统计」核工时
B15: 每人早中晚各几天、休几天、年假几天自动算，本月总工时 =（早+中+晚）× 每天标准工时，排班时顺手就能看出谁上多了。
B17: ⑤ 看「每日在岗人数」补人
B18: 1-31 号每天各班的在岗人数自动统计。某天某班人数为 0 会标红，说明那一班没人，排班时要补人或者并班。
... B24: Q：换了月份，上个月的排班还想留着？ A：整份文件另存为「2026-11 排班.xlsx」，只改「参数设置」里的天数，然后选「排班表」数据区按 Delete 清空重新排，历史文件别覆盖。

Sheet 参数设置
B2: 参数设置
B3: 改这里的值，排班表标题与统计自动跟着变
B5: 门店名称 | C5: 示例便利店（人民路店） | D5: 会显示在排班表标题上，改成你的店名
B6: 本月天数 | C6: 31 | D6: 2 月填 28 或 29；30 天的月份填 30，多出来的日期格空着即可
B7: 早班时间 | C7: 08:00-16:00 | D7: 按你们实际交班时间填，只是文字说明
B8: 中班时间 | C8: 16:00-24:00 | D8: 同上
B9: 晚班时间 | C9: 00:00-08:00 | D9: 同上
B10: 每天标准工时 | C10: 8 | D10: 一个班算几小时；三班各 8 小时就填 8，两班倒 12 小时就填 12
B11: 早班需人数 | C11: 4 | D11: 这一班至少要几个人；填 0 表示不排这个班
B12: 中班需人数 | C12: 3 | D12: 同上
B13: 晚班需人数 | C13: 2 | D13: 同上
B15: 班次颜色对照
B16: 早 | C16: 浅蓝
B17: 中 | C17: 浅绿
B18: 晚 | C18: 浅紫
B19: 休 | C19: 灰
B20: 年假 | C20: 黄

Sheet 员工与班次
A1: 工号 | B1: 姓名 | C1: 岗位 | D1: 可上时段 | E1: 备注
A2: A01 | B2: 张 伟 | C2: 店长 | D2: 早/中 | E2: 周一休息
A3: A02 | B3: 李 娜 | C3: 收银 | D3: 早/中/晚
A4: A03 | B4: 王 强 | C4: 理货 | D4: 中/晚 | E4: 不会早班
A5: A04 | B5: 刘 洋 | C5: 收银 | D5: 早/中
A6: A05 | B6: 陈 静 | C6: 理货 | D6: 早/中/晚
A7: A06 | B7: 杨 帆 | C7: 生鲜 | D7: 早班 | E7: 每天 15:00 前必须走
A8: A07 | B8: 赵 磊 | C8: 保安 | D8: 晚班 | E8: 只上夜班
A9: A08 | B9: 周 敏 | C9: 收银 | D9: 早/中/晚
A10: A09 | B10: 吴 昊 | C10: 理货 | D10: 中/晚
A11: A10 | B11: 徐 婷 | C11: 生鲜 | D11: 早/中
A12: A11 | B12: 孙 磊 | C12: 收银 | D12: 早/中/晚 | E12: 学生兼职，周末可上
A13: A12 | B13: 马 丽 | C13: 理货 | D13: 早/中/晚
A14: A13 | B14: 朱 鹏 | C14: 生鲜 | D14: 中/晚
A15: A14 | B15: 胡 静 | C15: 收银 | D15: 早/中
A16: A15 | B16: 郭 强 | C16: 理货 | D16: 晚班
A17: A16 | B17: 何 芳 | C17: 收银 | D17: 早/中
A18: A17 | B18: 高 峰 | C18: 保安 | D18: 晚班
A19: A18 | B19: 林 珊 | C19: 理货 | D19: 早/中/晚
A20: A19 | B20: 罗 军 | C20: 生鲜 | D20: 中/晚
A21: A20 | B21: 梁 雪 | C21: 收银 | D21: 早/中 | E21: 10 月起转全职

Sheet 排班表
A1: =参数设置!$C$5&" 月度排班表（"&参数设置!$C$6&" 天）"
A2: 工号 | B2: 姓名 | C2: 1 | D2: 2 | E2: 3 | F2: 4 | G2: 5 | H2: 6 | I2: 7 | J2: 8 | K2: 9 | L2: 10 | M2: 11 | N2: 12 | O2: 13 | P2: 14 | Q2: 15 | R2: 16 | S2: 17 | T2: 18 | U2: 19 | V2: 20 | W2: 21 | X2: 22 | Y2: 23 | Z2: 24 | AA2: 25 | AB2: 26 | AC2: 27 | AD2: 28 | AE2: 29 | AF2: 30 | AG2: 31
A3: =IF(员工与班次!A2="","",员工与班次!A2) | B3: =IF(员工与班次!A2="","",员工与班次!B2)
A4: =IF(员工与班次!A3="","",员工与班次!A3) | B4: =IF(员工与班次!A3="","",员工与班次!B3)
A5: =IF(员工与班次!A4="","",员工与班次!A4) | B5: =IF(员工与班次!A4="","",员工与班次!B4)
A6: =IF(员工与班次!A5="","",员工与班次!A5) | B6: =IF(员工与班次!A5="","",员工与班次!B5)
A7: =IF(员工与班次!A6="","",员工与班次!A6) | B7: =IF(员工与班次!A6="","",员工与班次!B6)
A8: =IF(员工与班次!A7="","",员工与班次!A7) | B8: =IF(员工与班次!A7="","",员工与班次!B7)
A9: =IF(员工与班次!A8="","",员工与班次!A8) | B9: =IF(员工与班次!A8="","",员工与班次!B8)
A10: =IF(员工与班次!A9="","",员工与班次!A9) | B10: =IF(员工与班次!A9="","",员工与班次!B9)
A11: =IF(员工与班次!A10="","",员工与班次!A10) | B11: =IF(员工与班次!A10="","",员工与班次!B10)
A12: =IF(员工与班次!A11="","",员工与班次!A11) | B12: =IF(员工与班次!A11="","",员工与班次!B11)
A13: =IF(员工与班次!A12="","",员工与班次!A12) | B13: =IF(员工与班次!A12="","",员工与班次!B12)
A14: =IF(员工与班次!A13="","",员工与班次!A13) | B14: =IF(员工与班次!A13="","",员工与班次!B13)
... A32: =IF(员工与班次!A31="","",员工与班次!A31) | B32: =IF(员工与班次!A31="","",员工与班次!B31)

Sheet 班次统计
A1: 工号 | B1: 姓名 | C1: 岗位 | D1: 早班 | E1: 中班 | F1: 晚班 | G1: 休息 | H1: 年假 | I1: 出勤合计 | J1: 本月总工时
A3: =IF(员工与班次!A2="","",员工与班次!A2) | B3: =IF(员工与班次!A2="","",员工与班次!B2) | C3: =IF(员工与班次!A2="","",员工与班次!C2) | D3: =IF($A3="","",COUNTIF(排班表!$C3:$AG3,"早")) | E3: =IF($A3="","",COUNTIF(排班表!$C3:$AG3,"中")) | F3: =IF($A3="","",COUNTIF(排班表!$C3:$AG3,"晚")) | G3: =IF($A3="","",COUNTIF(排班表!$C3:$AG3,"休")) | H3: =IF($A3="","",COUNTIF(排班表!$C3:$AG3,"年假")) | I3: =IF($A3="","",D3+E3+F3) | J3: =IF($A3="","",(D3+E3+F3)*参数设置!$C$10)
A4: =IF(员工与班次!A3="","",员工与班次!A3) | B4: =IF(员工与班次!A3="","",员工与班次!B3) | C4: =IF(员工与班次!A3="","",员工与班次!C3) | D4: =IF($A4="","",COUNTIF(排班表!$C4:$AG4,"早")) | E4: =IF($A4="","",COUNTIF(排班表!$C4:$AG4,"中")) | F4: =IF($A4="","",COUNTIF(排班表!$C4:$AG4,"晚")) | G4: =IF($A4="","",COUNTIF(排班表!$C4:$AG4,"休")) | H4: =IF($A4="","",COUNTIF(排班表!$C4:$AG4,"年假")) | I4: =IF($A4="","",D4+E4+F4) | J4: =IF($A4="","",(D4+E4+F4)*参数设置!$C$10)
A5: =IF(员工与班次!A4="","",员工与班次!A4) | B5: =IF(员工与班次!A4="","",员工与班次!B4) | C5: =IF(员工与班次!A4="","",员工与班次!C4) | D5: =IF($A5="","",COUNTIF(排班表!$C5:$AG5,"早")) | E5: =IF($A5="","",COUNTIF(排班表!$C5:$AG5,"中")) | F5: =IF($A5="","",COUNTIF(排班表!$C5:$AG5,"晚")) | G5: =IF($A5="","",COUNTIF(排班表!$C5:$AG5,"休")) | H5: =IF($A5="","",COUNTIF(排班表!$C5:$AG5,"年假")) | I5: =IF($A5="","",D5+E5+F5) | J5: =IF($A5="","",(D5+E5+F5)*参数设置!$C$10)
A6: =IF(员工与班次!A5="","",员工与班次!A5) | B6: =IF(员工与班次!A5="","",员工与班次!B5) | C6: =IF(员工与班次!A5="","",员工与班次!C5) | D6: =IF($A6="","",COUNTIF(排班表!$C6:$AG6,"早")) | E6: =IF($A6="","",COUNTIF(排班表!$C6:$AG6,"中")) | F6: =IF($A6="","",COUNTIF(排班表!$C6:$AG6,"晚")) | G6: =IF($A6="","",COUNTIF(排班表!$C6:$AG6,"休")) | H6: =IF($A6="","",COUNTIF(排班表!$C6:$AG6,"年假")) | I6: =IF($A6="","",D6+E6+F6) | J6: =IF($A6="","",(D6+E6+F6)*参数设置!$C$10)
A7: =IF(员工与班次!A6="","",员工与班次!A6) | B7: =IF(员工与班次!A6="","",员工与班次!B6) | C7: =IF(员工与班次!A6="","",员工与班次!C6) | D7: =IF($A7="","",COUNTIF(排班表!$C7:$AG7,"早")) | E7: =IF($A7="","",COUNTIF(排班表!$C7:$AG7,"中")) | F7: =IF($A7="","",COUNTIF(排班表!$C7:$AG7,"晚")) | G7: =IF($A7="","",COUNTIF(排班表!$C7:$AG7,"休")) | H7: =IF($A7="","",COUNTIF(排班表!$C7:$AG7,"年假")) | I7: =IF($A7="","",D7+E7+F7) | J7: =IF($A7="","",(D7+E7+F7)*参数设置!$C$10)
A8: =IF(员工与班次!A7="","",员工与班次!A7) | B8: =IF(员工与班次!A7="","",员工与班次!B7) | C8: =IF(员工与班次!A7="","",员工与班次!C7) | D8: =IF($A8="","",COUNTIF(排班表!$C8:$AG8,"早")) | E8: =IF($A8="","",COUNTIF(排班表!$C8:$AG8,"中")) | F8: =IF($A8="","",COUNTIF(排班表!$C8:$AG8,"晚")) | G8: =IF($A8="","",COUNTIF(排班表!$C8:$AG8,"休")) | H8: =IF($A8="","",COUNTIF(排班表!$C8:$AG8,"年假")) | I8: =IF($A8="","",D8+E8+F8) | J8: =IF($A8="","",(D8+E8+F8)*参数设置!$C$10)
A9: =IF(员工与班次!A8="","",员工与班次!A8) | B9: =IF(员工与班次!A8="","",员工与班次!B8) | C9: =IF(员工与班次!A8="","",员工与班次!C8) | D9: =IF($A9="","",COUNTIF(排班表!$C9:$AG9,"早")) | E9: =IF($A9="","",COUNTIF(排班表!$C9:$AG9,"中")) | F9: =IF($A9="","",COUNTIF(排班表!$C9:$AG9,"晚")) | G9: =IF($A9="","",COUNTIF(排班表!$C9:$AG9,"休")) | H9: =IF($A9="","",COUNTIF(排班表!$C9:$AG9,"年假")) | I9: =IF($A9="","",D9+E9+F9) | J9: =IF($A9="","",(D9+E9+F9)*参数设置!$C$10)
A10: =IF(员工与班次!A9="","",员工与班次!A9) | B10: =IF(员工与班次!A9="","",员工与班次!B9) | C10: =IF(员工与班次!A9="","",员工与班次!C9) | D10: =IF($A10="","",COUNTIF(排班表!$C10:$AG10,"早")) | E10: =IF($A10="","",COUNTIF(排班表!$C10:$AG10,"中")) | F10: =IF($A10="","",COUNTIF(排班表!$C10:$AG10,"晚")) | G10: =IF($A10="","",COUNTIF(排班表!$C10:$AG10,"休")) | H10: =IF($A10="","",COUNTIF(排班表!$C10:$AG10,"年假")) | I10: =IF($A10="","",D10+E10+F10) | J10: =IF($A10="","",(D10+E10+F10)*参数设置!$C$10)
A11: =IF(员工与班次!A10="","",员工与班次!A10) | B11: =IF(员工与班次!A10="","",员工与班次!B10) | C11: =IF(员工与班次!A10="","",员工与班次!C10) | D11: =IF($A11="","",COUNTIF(排班表!$C11:$AG11,"早")) | E11: =IF($A11="","",COUNTIF(排班表!$C11:$AG11,"中")) | F11: =IF($A11="","",COUNTIF(排班表!$C11:$AG11,"晚")) | G11: =IF($A11="","",COUNTIF(排班表!$C11:$AG11,"休")) | H11: =IF($A11="","",COUNTIF(排班表!$C11:$AG11,"年假")) | I11: =IF($A11="","",D11+E11+F11) | J11: =IF($A11="","",(D11+E11+F11)*参数设置!$C$10)
A12: =IF(员工与班次!A11="","",员工与班次!A11) | B12: =IF(员工与班次!A11="","",员工与班次!B11) | C12: =IF(员工与班次!A11="","",员工与班次!C11) | D12: =IF($A12="","",COUNTIF(排班表!$C12:$AG12,"早")) | E12: =IF($A12="","",COUNTIF(排班表!$C12:$AG12,"中")) | F12: =IF($A12="","",COUNTIF(排班表!$C12:$AG12,"晚")) | G12: =IF($A12="","",COUNTIF(排班表!$C12:$AG12,"休")) | H12: =IF($A12="","",COUNTIF(排班表!$C12:$AG12,"年假")) | I12: =IF($A12="","",D12+E12+F12) | J12: =IF($A12="","",(D12+E12+F12)*参数设置!$C$10)
A13: =IF(员工与班次!A12="","",员工与班次!A12) | B13: =IF(员工与班次!A12="","",员工与班次!B12) | C13: =IF(员工与班次!A12="","",员工与班次!C12) | D13: =IF($A13="","",COUNTIF(排班表!$C13:$AG13,"早")) | E13: =IF($A13="","",COUNTIF(排班表!$C13:$AG13,"中")) | F13: =IF($A13="","",COUNTIF(排班表!$C13:$AG13,"晚")) | G13: =IF($A13="","",COUNTIF(排班表!$C13:$AG13,"休")) | H13: =IF($A13="","",COUNTIF(排班表!$C13:$AG13,"年假")) | I13: =IF($A13="","",D13+E13+F13) | J13: =IF($A13="","",(D13+E13+F13)*参数设置!$C$10)
A14: =IF(员工与班次!A13="","",员工与班次!A13) | B14: =IF(员工与班次!A13="","",员工与班次!B13) | C14: =IF(员工与班次!A13="","",员工与班次!C13) | D14: =IF($A14="","",COUNTIF(排班表!$C14:$AG14,"早")) | E14: =IF($A14="","",COUNTIF(排班表!$C14:$AG14,"中")) | F14: =IF($A14="","",COUNTIF(排班表!$C14:$AG14,"晚")) | G14: =IF($A14="","",COUNTIF(排班表!$C14:$AG14,"休")) | H14: =IF($A14="","",COUNTIF(排班表!$C14:$AG14,"年假")) | I14: =IF($A14="","",D14+E14+F14) | J14: =IF($A14="","",(D14+E14+F14)*参数设置!$C$10)
... A32: =IF(员工与班次!A31="","",员工与班次!A31) | B32: =IF(员工与班次!A31="","",员工与班次!B31) | C32: =IF(员工与班次!A31="","",员工与班次!C31) | D32: =IF($A32="","",COUNTIF(排班表!$C32:$AG32,"早")) | E32: =IF($A32="","",COUNTIF(排班表!$C32:$AG32,"中")) | F32: =IF($A32="","",COUNTIF(排班表!$C32:$AG32,"晚")) | G32: =IF($A32="","",COUNTIF(排班表!$C32:$AG32,"休")) | H32: =IF($A32="","",COUNTIF(排班表!$C32:$AG32,"年假")) | I32: =IF($A32="","",D32+E32+F32) | J32: =IF($A32="","",(D32+E32+F32)*参数设置!$C$10)
A33: 合计 | D33: =SUM(D3:D32) | E33: =SUM(E3:E32) | F33: =SUM(F3:F32) | G33: =SUM(G3:G32) | H33: =SUM(H3:H32) | I33: =SUM(I3:I32) | J33: =SUM(J3:J32)
A35: 说明：数据全部按「排班表」自动统计，不要在统计页手工改数字。本月总工时 =（早班+中班+晚班）×「参数设置」里的每天标准工时。

Sheet 每日在岗人数
A1: 日期 | B1: 早班人数 | C1: 中班人数 | D1: 晚班人数 | E1: 在岗合计 | F1: 应需人数 | G1: 状态
A2: 1 | B2: =IF($A2>参数设置!$C$6,"",COUNTIF(排班表!$C$3:$C$32,"早")) | C2: =IF($A2>参数设置!$C$6,"",COUNTIF(排班表!$C$3:$C$32,"中")) | D2: =IF($A2>参数设置!$C$6,"",COUNTIF(排班表!$C$3:$C$32,"晚")) | E2: =IF($A2>参数设置!$C$6,"",N(B2)+N(C2)+N(D2)) | F2: =IF($A2>参数设置!$C$6,"",参数设置!$C$11+参数设置!$C$12+参数设置!$C$13) | G2: =IF($A2>参数设置!$C$6,"",IF(E2<F2,"人手不足","正常"))
A3: 2 | B3: =IF($A3>参数设置!$C$6,"",COUNTIF(排班表!$D$3:$D$32,"早")) | C3: =IF($A3>参数设置!$C$6,"",COUNTIF(排班表!$D$3:$D$32,"中")) | D3: =IF($A3>参数设置!$C$6,"",COUNTIF(排班表!$D$3:$D$32,"晚")) | E3: =IF($A3>参数设置!$C$6,"",N(B3)+N(C3)+N(D3)) | F3: =IF($A3>参数设置!$C$6,"",参数设置!$C$11+参数设置!$C$12+参数设置!$C$13) | G3: =IF($A3>参数设置!$C$6,"",IF(E3<F3,"人手不足","正常"))
A4: 3 | B4: =IF($A4>参数设置!$C$6,"",COUNTIF(排班表!$E$3:$E$32,"早")) | C4: =IF($A4>参数设置!$C$6,"",COUNTIF(排班表!$E$3:$E$32,"中")) | D4: =IF($A4>参数设置!$C$6,"",COUNTIF(排班表!$E$3:$E$32,"晚")) | E4: =IF($A4>参数设置!$C$6,"",N(B4)+N(C4)+N(D4)) | F4: =IF($A4>参数设置!$C$6,"",参数设置!$C$11+参数设置!$C$12+参数设置!$C$13) | G4: =IF($A4>参数设置!$C$6,"",IF(E4<F4,"人手不足","正常"))
A5: 4 | B5: =IF($A5>参数设置!$C$6,"",COUNTIF(排班表!$F$3:$F$32,"早")) | C5: =IF($A5>参数设置!$C$6,"",COUNTIF(排班表!$F$3:$F$32,"中")) | D5: =IF($A5>参数设置!$C$6,"",COUNTIF(排班表!$F$3:$F$32,"晚")) | E5: =IF($A5>参数设置!$C$6,"",N(B5)+N(C5)+N(D5)) | F5: =IF($A5>参数设置!$C$6,"",参数设置!$C$11+参数设置!$C$12+参数设置!$C$13) | G5: =IF($A5>参数设置!$C$6,"",IF(E5<F5,"人手不足","正常"))
A6: 5 | B6: =IF($A6>参数设置!$C$6,"",COUNTIF(排班表!$G$3:$G$32,"早")) | C6: =IF($A6>参数设置!$C$6,"",COUNTIF(排班表!$G$3:$G$32,"中")) | D6: =IF($A6>参数设置!$C$6,"",COUNTIF(排班表!$G$3:$G$32,"晚")) | E6: =IF($A6>参数设置!$C$6,"",N(B6)+N(C6)+N(D6)) | F6: =IF($A6>参数设置!$C$6,"",参数设置!$C$11+参数设置!$C$12+参数设置!$C$13) | G6: =IF($A6>参数设置!$C$6,"",IF(E6<F6,"人手不足","正常"))
A7: 6 | B7: =IF($A7>参数设置!$C$6,"",COUNTIF(排班表!$H$3:$H$32,"早")) | C7: =IF($A7>参数设置!$C$6,"",COUNTIF(排班表!$H$3:$H$32,"中")) | D7: =IF($A7>参数设置!$C$6,"",COUNTIF(排班表!$H$3:$H$32,"晚")) | E7: =IF($A7>参数设置!$C$6,"",N(B7)+N(C7)+N(D7)) | F7: =IF($A7>参数设置!$C$6,"",参数设置!$C$11+参数设置!$C$12+参数设置!$C$13) | G7: =IF($A7>参数设置!$C$6,"",IF(E7<F7,"人手不足","正常"))
A8: 7 | B8: =IF($A8>参数设置!$C$6,"",COUNTIF(排班表!$I$3:$I$32,"早")) | C8: =IF($A8>参数设置!$C$6,"",COUNTIF(排班表!$I$3:$I$32,"中")) | D8: =IF($A8>参数设置!$C$6,"",COUNTIF(排班表!$I$3:$I$32,"晚")) | E8: =IF($A8>参数设置!$C$6,"",N(B8)+N(C8)+N(D8)) | F8: =IF($A8>参数设置!$C$6,"",参数设置!$C$11+参数设置!$C$12+参数设置!$C$13) | G8: =IF($A8>参数设置!$C$6,"",IF(E8<F8,"人手不足","正常"))
A9: 8 | B9: =IF($A9>参数设置!$C$6,"",COUNTIF(排班表!$J$3:$J$32,"早")) | C9: =IF($A9>参数设置!$C$6,"",COUNTIF(排班表!$J$3:$J$32,"中")) | D9: =IF($A9>参数设置!$C$6,"",COUNTIF(排班表!$J$3:$J$32,"晚")) | E9: =IF($A9>参数设置!$C$6,"",N(B9)+N(C9)+N(D9)) | F9: =IF($A9>参数设置!$C$6,"",参数设置!$C$11+参数设置!$C$12+参数设置!$C$13) | G9: =IF($A9>参数设置!$C$6,"",IF(E9<F9,"人手不足","正常"))
A10: 9 | B10: =IF($A10>参数设置!$C$6,"",COUNTIF(排班表!$K$3:$K$32,"早")) | C10: =IF($A10>参数设置!$C$6,"",COUNTIF(排班表!$K$3:$K$32,"中")) | D10: =IF($A10>参数设置!$C$6,"",COUNTIF(排班表!$K$3:$K$32,"晚")) | E10: =IF($A10>参数设置!$C$6,"",N(B10)+N(C10)+N(D10)) | F10: =IF($A10>参数设置!$C$6,"",参数设置!$C$11+参数设置!$C$12+参数设置!$C$13) | G10: =IF($A10>参数设置!$C$6,"",IF(E10<F10,"人手不足","正常"))
A11: 10 | B11: =IF($A11>参数设置!$C$6,"",COUNTIF(排班表!$L$3:$L$32,"早")) | C11: =IF($A11>参数设置!$C$6,"",COUNTIF(排班表!$L$3:$L$32,"中")) | D11: =IF($A11>参数设置!$C$6,"",COUNTIF(排班表!$L$3:$L$32,"晚")) | E11: =IF($A11>参数设置!$C$6,"",N(B11)+N(C11)+N(D11)) | F11: =IF($A11>参数设置!$C$6,"",参数设置!$C$11+参数设置!$C$12+参数设置!$C$13) | G11: =IF($A11>参数设置!$C$6,"",IF(E11<F11,"人手不足","正常"))
A12: 11 | B12: =IF($A12>参数设置!$C$6,"",COUNTIF(排班表!$M$3:$M$32,"早")) | C12: =IF($A12>参数设置!$C$6,"",COUNTIF(排班表!$M$3:$M$32,"中")) | D12: =IF($A12>参数设置!$C$6,"",COUNTIF(排班表!$M$3:$M$32,"晚")) | E12: =IF($A12>参数设置!$C$6,"",N(B12)+N(C12)+N(D12)) | F12: =IF($A12>参数设置!$C$6,"",参数设置!$C$11+参数设置!$C$12+参数设置!$C$13) | G12: =IF($A12>参数设置!$C$6,"",IF(E12<F12,"人手不足","正常"))
A13: 12 | B13: =IF($A13>参数设置!$C$6,"",COUNTIF(排班表!$N$3:$N$32,"早")) | C13: =IF($A13>参数设置!$C$6,"",COUNTIF(排班表!$N$3:$N$32,"中")) | D13: =IF($A13>参数设置!$C$6,"",COUNTIF(排班表!$N$3:$N$32,"晚")) | E13: =IF($A13>参数设置!$C$6,"",N(B13)+N(C13)+N(D13)) | F13: =IF($A13>参数设置!$C$6,"",参数设置!$C$11+参数设置!$C$12+参数设置!$C$13) | G13: =IF($A13>参数设置!$C$6,"",IF(E13<F13,"人手不足","正常"))
A14: 13 | B14: =IF($A14>参数设置!$C$6,"",COUNTIF(排班表!$O$3:$O$32,"早")) | C14: =IF($A14>参数设置!$C$6,"",COUNTIF(排班表!$O$3:$O$32,"中")) | D14: =IF($A14>参数设置!$C$6,"",COUNTIF(排班表!$O$3:$O$32,"晚")) | E14: =IF($A14>参数设置!$C$6,"",N(B14)+N(C14)+N(D14)) | F14: =IF($A14>参数设置!$C$6,"",参数设置!$C$11+参数设置!$C$12+参数设置!$C$13) | G14: =IF($A14>参数设置!$C$6,"",IF(E14<F14,"人手不足","正常"))
A15: 14 | B15: =IF($A15>参数设置!$C$6,"",COUNTIF(排班表!$P$3:$P$32,"早")) | C15: =IF($A15>参数设置!$C$6,"",COUNTIF(排班表!$P$3:$P$32,"中")) | D15: =IF($A15>参数设置!$C$6,"",COUNTIF(排班表!$P$3:$P$32,"晚")) | E15: =IF($A15>参数设置!$C$6,"",N(B15)+N(C15)+N(D15)) | F15: =IF($A15>参数设置!$C$6,"",参数设置!$C$11+参数设置!$C$12+参数设置!$C$13) | G15: =IF($A15>参数设置!$C$6,"",IF(E15<F15,"人手不足","正常"))
A16: 15 | B16: =IF($A16>参数设置!$C$6,"",COUNTIF(排班表!$Q$3:$Q$32,"早")) | C16: =IF($A16>参数设置!$C$6,"",COUNTIF(排班表!$Q$3:$Q$32,"中")) | D16: =IF($A16>参数设置!$C$6,"",COUNTIF(排班表!$Q$3:$Q$32,"晚")) | E16: =IF($A16>参数设置!$C$6,"",N(B16)+N(C16)+N(D16)) | F16: =IF($A16>参数设置!$C$6,"",参数设置!$C$11+参数设置!$C$12+参数设置!$C$13) | G16: =IF($A16>参数设置!$C$6,"",IF(E16<F16,"人手不足","正常"))
A17: 16 | B17: =IF($A17>参数设置!$C$6,"",COUNTIF(排班表!$R$3:$R$32,"早")) | C17: =IF($A17>参数设置!$C$6,"",COUNTIF(排班表!$R$3:$R$32,"中")) | D17: =IF($A17>参数设置!$C$6,"",COUNTIF(排班表!$R$3:$R$32,"晚")) | E17: =IF($A17>参数设置!$C$6,"",N(B17)+N(C17)+N(D17)) | F17: =IF($A17>参数设置!$C$6,"",参数设置!$C$11+参数设置!$C$12+参数设置!$C$13) | G17: =IF($A17>参数设置!$C$6,"",IF(E17<F17,"人手不足","正常"))
A18: 17 | B18: =IF($A18>参数设置!$C$6,"",COUNTIF(排班表!$S$3:$S$32,"早")) | C18: =IF($A18>参数设置!$C$6,"",COUNTIF(排班表!$S$3:$S$32,"中")) | D18: =IF($A18>参数设置!$C$6,"",COUNTIF(排班表!$S$3:$S$32,"晚")) | E18: =IF($A18>参数设置!$C$6,"",N(B18)+N(C18)+N(D18)) | F18: =IF($A18>参数设置!$C$6,"",参数设置!$C$11+参数设置!$C$12+参数设置!$C$13) | G18: =IF($A18>参数设置!$C$6,"",IF(E18<F18,"人手不足","正常"))
A19: 18 | B19: =IF($A19>参数设置!$C$6,"",COUNTIF(排班表!$T$3:$T$32,"早")) | C19: =IF($A19>参数设置!$C$6,"",COUNTIF(排班表!$T$3:$T$32,"中")) | D19: =IF($A19>参数设置!$C$6,"",COUNTIF(排班表!$T$3:$T$32,"晚")) | E19: =IF($A19>参数设置!$C$6,"",N(B19)+N(C19)+N(D19)) | F19: =IF($A19>参数设置!$C$6,"",参数设置!$C$11+参数设置!$C$12+参数设置!$C$13) | G19: =IF($A19>参数设置!$C$6,"",IF(E19<F19,"人手不足","正常"))
A20: 19 | B20: =IF($A20>参数设置!$C$6,"",COUNTIF(排班表!$U$3:$U$32,"早")) | C20: =IF($A20>参数设置!$C$6,"",COUNTIF(排班表!$U$3:$U$32,"中")) | D20: =IF($A20>参数设置!$C$6,"",COUNTIF(排班表!$U$3:$U$32,"晚")) | E20: =IF($A20>参数设置!$C$6,"",N(B20)+N(C20)+N(D20)) | F20: =IF($A20>参数设置!$C$6,"",参数设置!$C$11+参数设置!$C$12+参数设置!$C$13) | G20: =IF($A20>参数设置!$C$6,"",IF(E20<F20,"人手不足","正常"))
A21: 20 | B21: =IF($A21>参数设置!$C$6,"",COUNTIF(排班表!$V$3:$V$32,"早")) | C21: =IF($A21>参数设置!$C$6,"",COUNTIF(排班表!$V$3:$V$32,"中")) | D21: =IF($A21>参数设置!$C$6,"",COUNTIF(排班表!$V$3:$V$32,"晚")) | E21: =IF($A21>参数设置!$C$6,"",N(B21)+N(C21)+N(D21)) | F21: =IF($A21>参数设置!$C$6,"",参数设置!$C$11+参数设置!$C$12+参数设置!$C$13) | G21: =IF($A21>参数设置!$C$6,"",IF(E21<F21,"人手不足","正常"))
A22: 21 | B22: =IF($A22>参数设置!$C$6,"",COUNTIF(排班表!$W$3:$W$32,"早")) | C22: =IF($A22>参数设置!$C$6,"",COUNTIF(排班表!$W$3:$W$32,"中")) | D22: =IF($A22>参数设置!$C$6,"",COUNTIF(排班表!$W$3:$W$32,"晚")) | E22: =IF($A22>参数设置!$C$6,"",N(B22)+N(C22)+N(D22)) | F22: =IF($A22>参数设置!$C$6,"",参数设置!$C$11+参数设置!$C$12+参数设置!$C$13) | G22: =IF($A22>参数设置!$C$6,"",IF(E22<F22,"人手不足","正常"))
A23: 22 | B23: =IF($A23>参数设置!$C$6,"",COUNTIF(排班表!$X$3:$X$32,"早")) | C23: =IF($A23>参数设置!$C$6,"",COUNTIF(排班表!$X$3:$X$32,"中")) | D23: =IF($A23>参数设置!$C$6,"",COUNTIF(排班表!$X$3:$X$32,"晚")) | E23: =IF($A23>参数设置!$C$6,"",N(B23)+N(C23)+N(D23)) | F23: =IF($A23>参数设置!$C$6,"",参数设置!$C$11+参数设置!$C$12+参数设置!$C$13) | G23: =IF($A23>参数设置!$C$6,"",IF(E23<F23,"人手不足","正常"))
A24: 23 | B24: =IF($A24>参数设置!$C$6,"",COUNTIF(排班表!$Y$3:$Y$32,"早")) | C24: =IF($A24>参数设置!$C$6,"",COUNTIF(排班表!$Y$3:$Y$32,"中")) | D24: =IF($A24>参数设置!$C$6,"",COUNTIF(排班表!$Y$3:$Y$32,"晚")) | E24: =IF($A24>参数设置!$C$6,"",N(B24)+N(C24)+N(D24)) | F24: =IF($A24>参数设置!$C$6,"",参数设置!$C$11+参数设置!$C$12+参数设置!$C$13) | G24: =IF($A24>参数设置!$C$6,"",IF(E24<F24,"人手不足","正常"))
A25: 24 | B25: =IF($A25>参数设置!$C$6,"",COUNTIF(排班表!$Z$3:$Z$32,"早")) | C25: =IF($A25>参数设置!$C$6,"",COUNTIF(排班表!$Z$3:$Z$32,"中")) | D25: =IF($A25>参数设置!$C$6,"",COUNTIF(排班表!$Z$3:$Z$32,"晚")) | E25: =IF($A25>参数设置!$C$6,"",N(B25)+N(C25)+N(D25)) | F25: =IF($A25>参数设置!$C$6,"",参数设置!$C$11+参数设置!$C$12+参数设置!$C$13) | G25: =IF($A25>参数设置!$C$6,"",IF(E25<F25,"人手不足","正常"))
A26: 25 | B26: =IF($A26>参数设置!$C$6,"",COUNTIF(排班表!$AA$3:$AA$32,"早")) | C26: =IF($A26>参数设置!$C$6,"",COUNTIF(排班表!$AA$3:$AA$32,"中")) | D26: =IF($A26>参数设置!$C$6,"",COUNTIF(排班表!$AA$3:$AA$32,"晚")) | E26: =IF($A26>参数设置!$C$6,"",N(B26)+N(C26)+N(D26)) | F26: =IF($A26>参数设置!$C$6,"",参数设置!$C$11+参数设置!$C$12+参数设置!$C$13) | G26: =IF($A26>参数设置!$C$6,"",IF(E26<F26,"人手不足","正常"))
A27: 26 | B27: =IF($A27>参数设置!$C$6,"",COUNTIF(排班表!$AB$3:$AB$32,"早")) | C27: =IF($A27>参数设置!$C$6,"",COUNTIF(排班表!$AB$3:$AB$32,"中")) | D27: =IF($A27>参数设置!$C$6,"",COUNTIF(排班表!$AB$3:$AB$32,"晚")) | E27: =IF($A27>参数设置!$C$6,"",N(B27)+N(C27)+N(D27)) | F27: =IF($A27>参数设置!$C$6,"",参数设置!$C$11+参数设置!$C$12+参数设置!$C$13) | G27: =IF($A27>参数设置!$C$6,"",IF(E27<F27,"人手不足","正常"))
A28: 27 | B28: =IF($A28>参数设置!$C$6,"",COUNTIF(排班表!$AC$3:$AC$32,"早")) | C28: =IF($A28>参数设置!$C$6,"",COUNTIF(排班表!$AC$3:$AC$32,"中")) | D28: =IF($A28>参数设置!$C$6,"",COUNTIF(排班表!$AC$3:$AC$32,"晚")) | E28: =IF($A28>参数设置!$C$6,"",N(B28)+N(C28)+N(D28)) | F28: =IF($A28>参数设置!$C$6,"",参数设置!$C$11+参数设置!$C$12+参数设置!$C$13) | G28: =IF($A28>参数设置!$C$6,"",IF(E28<F28,"人手不足","正常"))
A29: 28 | B29: =IF($A29>参数设置!$C$6,"",COUNTIF(排班表!$AD$3:$AD$32,"早")) | C29: =IF($A29>参数设置!$C$6,"",COUNTIF(排班表!$AD$3:$AD$32,"中")) | D29: =IF($A29>参数设置!$C$6,"",COUNTIF(排班表!$AD$3:$AD$32,"晚")) | E29: =IF($A29>参数设置!$C$6,"",N(B29)+N(C29)+N(D29)) | F29: =IF($A29>参数设置!$C$6,"",参数设置!$C$11+参数设置!$C$12+参数设置!$C$13) | G29: =IF($A29>参数设置!$C$6,"",IF(E29<F29,"人手不足","正常"))
A30: 29 | B30: =IF($A30>参数设置!$C$6,"",COUNTIF(排班表!$AE$3:$AE$32,"早")) | C30: =IF($A30>参数设置!$C$6,"",COUNTIF(排班表!$AE$3:$AE$32,"中")) | D30: =IF($A30>参数设置!$C$6,"",COUNTIF(排班表!$AE$3:$AE$32,"晚")) | E30: =IF($A30>参数设置!$C$6,"",N(B30)+N(C30)+N(D30)) | F30: =IF($A30>参数设置!$C$6,"",参数设置!$C$11+参数设置!$C$12+参数设置!$C$13) | G30: =IF($A30>参数设置!$C$6,"",IF(E30<F30,"人手不足","正常"))
A31: 30 | B31: =IF($A31>参数设置!$C$6,"",COUNTIF(排班表!$AF$3:$AF$32,"早")) | C31: =IF($A31>参数设置!$C$6,"",COUNTIF(排班表!$AF$3:$AF$32,"中")) | D31: =IF($A31>参数设置!$C$6,"",COUNTIF(排班表!$AF$3:$AF$32,"晚")) | E31: =IF($A31>参数设置!$C$6,"",N(B31)+N(C31)+N(D31)) | F31: =IF($A31>参数设置!$C$6,"",参数设置!$C$11+参数设置!$C$12+参数设置!$C$13) | G31: =IF($A31>参数设置!$C$6,"",IF(E31<F31,"人手不足","正常"))
A32: 31 | B32: =IF($A32>参数设置!$C$6,"",COUNTIF(排班表!$AG$3:$AG$32,"早")) | C32: =IF($A32>参数设置!$C$6,"",COUNTIF(排班表!$AG$3:$AG$32,"中")) | D32: =IF($A32>参数设置!$C$6,"",COUNTIF(排班表!$AG$3:$AG$32,"晚")) | E32: =IF($A32>参数设置!$C$6,"",N(B32)+N(C32)+N(D32)) | F32: =IF($A32>参数设置!$C$6,"",参数设置!$C$11+参数设置!$C$12+参数设置!$C$13) | G32: =IF($A32>参数设置!$C$6,"",IF(E32<F32,"人手不足","正常"))
A34: 说明：红色格 = 当天这个班人数为 0，必须补人或并班；「应需人数」= 参数设置里三个班的需求人数之和，可据此判断整体人手。
